ARI,LAN,20140322,0
ARI,LAN,20140323,0
SDN,LAN,20140330,1
ANA,SEA,20140331,0
ARI,SFN,20140331,0
BAL,BOS,20140331,1
CHA,MIN,20140331,1
CIN,SLN,20140331,0
DET,KCA,20140331,1
MIA,COL,20140331,1
MIL,ATL,20140331,1
NYN,WAS,20140331,0
OAK,CLE,20140331,0
PIT,CHN,20140331,1
TBA,TOR,20140331,1
TEX,PHI,20140331,0
ANA,SEA,20140401,0
ARI,SFN,20140401,1
HOU,NYA,20140401,1
MIA,COL,20140401,1
MIL,ATL,20140401,0
SDN,LAN,20140401,0
TBA,TOR,20140401,0
TEX,PHI,20140401,1
ANA,SEA,20140402,0
ARI,SFN,20140402,0
BAL,BOS,20140402,0
CHA,MIN,20140402,1
CIN,SLN,20140402,1
DET,KCA,20140402,1
HOU,NYA,20140402,1
MIA,COL,20140402,0
MIL,ATL,20140402,0
NYN,WAS,20140402,0
OAK,CLE,20140402,1
OAK,CLE,20140402,0
PIT,CHN,20140402,1
SDN,LAN,20140402,0
TBA,TOR,20140402,0
TEX,PHI,20140402,1
ARI,SFN,20140403,0
BAL,BOS,20140403,0
CHA,MIN,20140403,0
CIN,SLN,20140403,0
HOU,NYA,20140403,0
MIA,COL,20140403,1
NYN,WAS,20140403,0
OAK,SEA,20140403,1
PIT,CHN,20140403,0
TBA,TOR,20140403,1
BOS,MIL,20140404,0
CHN,PHI,20140404,0
CLE,MIN,20140404,1
COL,ARI,20140404,1
DET,BAL,20140404,1
HOU,ANA,20140404,0
KCA,CHA,20140404,1
LAN,SFN,20140404,0
MIA,SDN,20140404,1
NYN,CIN,20140404,1
PIT,SLN,20140404,1
TBA,TEX,20140404,1
TOR,NYA,20140404,0
WAS,ATL,20140404,0
BOS,MIL,20140405,0
CHN,PHI,20140405,0
CLE,MIN,20140405,0
COL,ARI,20140405,1
DET,BAL,20140405,1
HOU,ANA,20140405,0
KCA,CHA,20140405,1
LAN,SFN,20140405,0
MIA,SDN,20140405,1
NYN,CIN,20140405,1
OAK,SEA,20140405,0
PIT,SLN,20140405,0
TBA,TEX,20140405,1
TOR,NYA,20140405,1
WAS,ATL,20140405,0
BOS,MIL,20140406,0
CHN,PHI,20140406,1
CLE,MIN,20140406,0
COL,ARI,20140406,0
DET,BAL,20140406,0
HOU,ANA,20140406,1
KCA,CHA,20140406,0
LAN,SFN,20140406,1
MIA,SDN,20140406,0
NYN,CIN,20140406,0
OAK,SEA,20140406,1
PIT,SLN,20140406,1
TBA,TEX,20140406,0
TOR,NYA,20140406,0
WAS,ATL,20140406,1
BOS,TEX,20140407,1
COL,CHA,20140407,1
HOU,ANA,20140407,0
KCA,TBA,20140407,1
MIN,OAK,20140407,0
NYA,BAL,20140407,1
SLN,CIN,20140407,1
ATL,NYN,20140408,0
BOS,TEX,20140408,0
CHN,PIT,20140408,0
CLE,SDN,20140408,1
COL,CHA,20140408,0
KCA,TBA,20140408,0
LAN,DET,20140408,1
NYA,BAL,20140408,0
PHI,MIL,20140408,0
SEA,ANA,20140408,1
SFN,ARI,20140408,1
SLN,CIN,20140408,1
TOR,HOU,20140408,1
WAS,MIA,20140408,1
ATL,NYN,20140409,1
BOS,TEX,20140409,1
CHN,PIT,20140409,1
CLE,SDN,20140409,1
CLE,SDN,20140409,0
COL,CHA,20140409,1
KCA,TBA,20140409,1
LAN,DET,20140409,0
MIN,OAK,20140409,0
NYA,BAL,20140409,0
PHI,MIL,20140409,0
SEA,ANA,20140409,0
SFN,ARI,20140409,0
SLN,CIN,20140409,0
TOR,HOU,20140409,1
WAS,MIA,20140409,1
ATL,NYN,20140410,0
CHA,CLE,20140410,1
CHN,PIT,20140410,0
MIN,OAK,20140410,0
NYA,BOS,20140410,1
PHI,MIL,20140410,0
SFN,ARI,20140410,0
TOR,HOU,20140410,0
WAS,MIA,20140410,1
ANA,NYN,20140411,1
ARI,LAN,20140411,0
ATL,WAS,20140411,1
BAL,TOR,20140411,0
CHA,CLE,20140411,1
CIN,TBA,20140411,0
MIL,PIT,20140411,1
MIN,KCA,20140411,1
NYA,BOS,20140411,0
PHI,MIA,20140411,1
SDN,DET,20140411,1
SEA,OAK,20140411,1
SFN,COL,20140411,1
SLN,CHN,20140411,0
TEX,HOU,20140411,1
ANA,NYN,20140412,0
ARI,LAN,20140412,0
ATL,WAS,20140412,1
BAL,TOR,20140412,1
CHA,CLE,20140412,0
CIN,TBA,20140412,0
MIL,PIT,20140412,1
MIN,KCA,20140412,1
NYA,BOS,20140412,1
PHI,MIA,20140412,1
SDN,DET,20140412,0
SEA,OAK,20140412,0
SFN,COL,20140412,0
SLN,CHN,20140412,1
TEX,HOU,20140412,0
ANA,NYN,20140413,1
ARI,LAN,20140413,0
ATL,WAS,20140413,1
BAL,TOR,20140413,0
CHA,CLE,20140413,1
CIN,TBA,20140413,1
MIL,PIT,20140413,1
MIN,KCA,20140413,1
NYA,BOS,20140413,1
PHI,MIA,20140413,1
SDN,DET,20140413,1
SEA,OAK,20140413,0
SFN,COL,20140413,1
SLN,CHN,20140413,1
TEX,HOU,20140413,1
ANA,OAK,20140414,0
ARI,NYN,20140414,0
BAL,TBA,20140414,1
CIN,PIT,20140414,0
MIA,WAS,20140414,0
MIL,SLN,20140414,0
PHI,ATL,20140414,0
SDN,COL,20140414,1
TEX,SEA,20140414,0
ANA,OAK,20140415,0
ARI,NYN,20140415,0
CHA,BOS,20140415,1
CIN,PIT,20140415,1
HOU,KCA,20140415,0
MIA,WAS,20140415,1
MIL,SLN,20140415,0
MIN,TOR,20140415,0
SDN,COL,20140415,0
SFN,LAN,20140415,1
TEX,SEA,20140415,1
ANA,OAK,20140416,1
ARI,NYN,20140416,0
BAL,TBA,20140416,1
CHA,BOS,20140416,0
CIN,PIT,20140416,1
DET,CLE,20140416,0
HOU,KCA,20140416,0
MIA,WAS,20140416,0
MIL,SLN,20140416,1
NYA,CHN,20140416,1
NYA,CHN,20140416,1
PHI,ATL,20140416,0
SDN,COL,20140416,1
SFN,LAN,20140416,1
TEX,SEA,20140416,1
CHA,BOS,20140417,0
DET,CLE,20140417,1
HOU,KCA,20140417,0
MIN,TOR,20140417,1
MIN,TOR,20140417,1
PHI,ATL,20140417,1
PIT,MIL,20140417,1
SDN,COL,20140417,0
SFN,LAN,20140417,0
TBA,NYA,20140417,0
TEX,SEA,20140417,1
WAS,SLN,20140417,0
BOS,BAL,20140418,0
CHN,CIN,20140418,0
CLE,TOR,20140418,0
COL,PHI,20140418,1
DET,ANA,20140418,0
KCA,MIN,20140418,1
LAN,ARI,20140418,0
MIA,SEA,20140418,1
NYN,ATL,20140418,0
OAK,HOU,20140418,1
PIT,MIL,20140418,0
SDN,SFN,20140418,1
TBA,NYA,20140418,1
TEX,CHA,20140418,1
WAS,SLN,20140418,1
BOS,BAL,20140419,1
CHN,CIN,20140419,1
CLE,TOR,20140419,0
COL,PHI,20140419,1
DET,ANA,20140419,1
KCA,MIN,20140419,1
LAN,ARI,20140419,1
MIA,SEA,20140419,1
NYN,ATL,20140419,0
OAK,HOU,20140419,1
PIT,MIL,20140419,0
SDN,SFN,20140419,1
TBA,NYA,20140419,1
TEX,CHA,20140419,1
WAS,SLN,20140419,0
BOS,BAL,20140420,1
CHN,CIN,20140420,0
CLE,TOR,20140420,1
COL,PHI,20140420,0
DET,ANA,20140420,1
KCA,MIN,20140420,0
LAN,ARI,20140420,1
MIA,SEA,20140420,1
NYN,ATL,20140420,1
OAK,HOU,20140420,1
PIT,MIL,20140420,0
SDN,SFN,20140420,0
TBA,NYA,20140420,0
TEX,CHA,20140420,0
WAS,SLN,20140420,1
ATL,MIA,20140421,1
BOS,BAL,20140421,0
CHN,ARI,20140421,1
CLE,KCA,20140421,1
COL,SFN,20140421,1
DET,CHA,20140421,0
LAN,PHI,20140421,0
MIL,SDN,20140421,1
NYN,SLN,20140421,1
OAK,TEX,20140421,0
PIT,CIN,20140421,1
SEA,HOU,20140421,0
WAS,ANA,20140421,0
ATL,MIA,20140422,0
BOS,NYA,20140422,0
CHN,ARI,20140422,1
CLE,KCA,20140422,0
COL,SFN,20140422,1
DET,CHA,20140422,1
LAN,PHI,20140422,0
MIL,SDN,20140422,0
NYN,SLN,20140422,0
OAK,TEX,20140422,0
PIT,CIN,20140422,0
SEA,HOU,20140422,0
TBA,MIN,20140422,1
TOR,BAL,20140422,1
WAS,ANA,20140422,0
ATL,MIA,20140423,1
BOS,NYA,20140423,1
CHN,ARI,20140423,0
CLE,KCA,20140423,1
COL,SFN,20140423,0
DET,CHA,20140423,0
LAN,PHI,20140423,1
MIL,SDN,20140423,1
NYN,SLN,20140423,1
OAK,TEX,20140423,0
PIT,CIN,20140423,0
SEA,HOU,20140423,1
TBA,MIN,20140423,0
TOR,BAL,20140423,0
WAS,ANA,20140423,1
BOS,NYA,20140424,0
CHN,ARI,20140424,0
CLE,KCA,20140424,1
DET,CHA,20140424,1
HOU,OAK,20140424,0
LAN,PHI,20140424,0
NYN,SLN,20140424,1
PIT,CIN,20140424,0
TBA,MIN,20140424,0
TOR,BAL,20140424,0
WAS,SDN,20140424,0
ARI,PHI,20140425,1
ATL,CIN,20140425,1
BAL,KCA,20140425,0
CHA,TBA,20140425,1
HOU,OAK,20140425,0
LAN,COL,20140425,0
MIL,CHN,20140425,1
MIN,DET,20140425,0
NYA,ANA,20140425,0
NYN,MIA,20140425,1
SEA,TEX,20140425,1
SFN,CLE,20140425,1
SLN,PIT,20140425,1
TOR,BOS,20140425,0
WAS,SDN,20140425,1
ARI,PHI,20140426,0
ATL,CIN,20140426,1
BAL,KCA,20140426,1
CHA,TBA,20140426,0
HOU,OAK,20140426,1
LAN,COL,20140426,1
MIL,CHN,20140426,1
MIN,DET,20140426,1
NYA,ANA,20140426,1
NYN,MIA,20140426,0
SEA,TEX,20140426,0
SFN,CLE,20140426,1
SLN,PIT,20140426,0
TOR,BOS,20140426,0
WAS,SDN,20140426,1
ARI,PHI,20140427,0
ATL,CIN,20140427,1
BAL,KCA,20140427,0
CHA,TBA,20140427,1
HOU,OAK,20140427,1
LAN,COL,20140427,0
MIL,CHN,20140427,0
NYA,ANA,20140427,1
NYN,MIA,20140427,1
SEA,TEX,20140427,1
SFN,CLE,20140427,1
SLN,PIT,20140427,1
TOR,BOS,20140427,1
WAS,SDN,20140427,0
ANA,CLE,20140428,1
ARI,COL,20140428,0
CHA,TBA,20140428,1
SFN,SDN,20140428,0
SLN,MIL,20140428,0
TEX,OAK,20140428,0
ANA,CLE,20140429,1
ARI,COL,20140429,0
BOS,TBA,20140429,1
CHA,DET,20140429,0
CIN,CHN,20140429,1
HOU,WAS,20140429,0
KCA,TOR,20140429,1
MIA,ATL,20140429,1
NYA,SEA,20140429,0
PHI,NYN,20140429,0
SFN,SDN,20140429,1
SLN,MIL,20140429,0
TEX,OAK,20140429,0
ANA,CLE,20140430,1
ARI,COL,20140430,1
CHA,DET,20140430,0
CIN,CHN,20140430,0
HOU,WAS,20140430,0
KCA,TOR,20140430,1
MIA,ATL,20140430,1
MIN,LAN,20140430,0
SFN,SDN,20140430,1
SLN,MIL,20140430,1
TEX,OAK,20140430,0
BAL,PIT,20140501,1
BAL,PIT,20140501,1
BOS,TBA,20140501,0
BOS,TBA,20140501,0
CIN,MIL,20140501,1
COL,NYN,20140501,1
KCA,TOR,20140501,0
MIA,ATL,20140501,1
MIN,LAN,20140501,0
MIN,LAN,20140501,0
NYA,SEA,20140501,0
ANA,TEX,20140502,0
ATL,SFN,20140502,0
BOS,OAK,20140502,1
CHN,SLN,20140502,1
CIN,MIL,20140502,0
CLE,CHA,20140502,1
COL,NYN,20140502,1
HOU,SEA,20140502,1
KCA,DET,20140502,0
MIA,LAN,20140502,1
MIN,BAL,20140502,0
NYA,TBA,20140502,0
PHI,WAS,20140502,0
PIT,TOR,20140502,1
SDN,ARI,20140502,0
ANA,TEX,20140503,1
ATL,SFN,20140503,0
BOS,OAK,20140503,1
CHN,SLN,20140503,1
CIN,MIL,20140503,1
CLE,CHA,20140503,1
COL,NYN,20140503,1
HOU,SEA,20140503,0
KCA,DET,20140503,0
MIA,LAN,20140503,0
MIN,BAL,20140503,1
NYA,TBA,20140503,1
PHI,WAS,20140503,1
PIT,TOR,20140503,1
SDN,ARI,20140503,0
ANA,TEX,20140504,0
ATL,SFN,20140504,0
BOS,OAK,20140504,0
CHN,SLN,20140504,0
CIN,MIL,20140504,1
CLE,CHA,20140504,0
COL,NYN,20140504,0
HOU,SEA,20140504,0
KCA,DET,20140504,0
MIA,LAN,20140504,1
MIN,BAL,20140504,1
NYA,TBA,20140504,0
PHI,WAS,20140504,1
PIT,TOR,20140504,0
SDN,ARI,20140504,1
ANA,NYA,20140505,1
ATL,SLN,20140505,0
CHN,CHA,20140505,0
CLE,MIN,20140505,0
COL,TEX,20140505,1
DET,HOU,20140505,1
MIA,NYN,20140505,1
MIL,ARI,20140505,1
OAK,SEA,20140505,0
PHI,TOR,20140505,0
PIT,SFN,20140505,0
SDN,KCA,20140505,1
WAS,LAN,20140505,1
ANA,NYA,20140506,0
ATL,SLN,20140506,1
BOS,CIN,20140506,1
CHN,CHA,20140506,0
CLE,MIN,20140506,1
COL,TEX,20140506,1
DET,HOU,20140506,1
MIA,NYN,20140506,1
MIL,ARI,20140506,0
OAK,SEA,20140506,0
PHI,TOR,20140506,0
PIT,SFN,20140506,1
SDN,KCA,20140506,0
TBA,BAL,20140506,0
WAS,LAN,20140506,0
ANA,NYA,20140507,0
ATL,SLN,20140507,0
BOS,CIN,20140507,1
CHA,CHN,20140507,1
CLE,MIN,20140507,1
DET,HOU,20140507,1
MIA,NYN,20140507,1
MIL,ARI,20140507,0
OAK,SEA,20140507,0
OAK,SEA,20140507,1
PIT,SFN,20140507,1
SDN,KCA,20140507,0
TBA,BAL,20140507,0
TEX,COL,20140507,0
TOR,PHI,20140507,1
WAS,LAN,20140507,1
CHA,CHN,20140508,0
CLE,MIN,20140508,1
DET,HOU,20140508,0
LAN,SFN,20140508,0
SDN,MIA,20140508,0
SEA,KCA,20140508,1
TBA,BAL,20140508,0
TEX,COL,20140508,1
TOR,PHI,20140508,1
ATL,CHN,20140509,1
BAL,HOU,20140509,1
CHA,ARI,20140509,1
CIN,COL,20140509,1
DET,MIN,20140509,0
LAN,SFN,20140509,0
MIL,NYA,20140509,0
NYN,PHI,20140509,0
OAK,WAS,20140509,1
PIT,SLN,20140509,1
SDN,MIA,20140509,1
SEA,KCA,20140509,0
TBA,CLE,20140509,0
TEX,BOS,20140509,1
TOR,ANA,20140509,0
ATL,CHN,20140510,1
BAL,HOU,20140510,1
CHA,ARI,20140510,0
CIN,COL,20140510,0
DET,MIN,20140510,1
LAN,SFN,20140510,1
MIL,NYA,20140510,1
NYN,PHI,20140510,0
OAK,WAS,20140510,1
PIT,SLN,20140510,1
SDN,MIA,20140510,1
SEA,KCA,20140510,1
TBA,CLE,20140510,1
TEX,BOS,20140510,0
TOR,ANA,20140510,0
ATL,CHN,20140511,1
BAL,HOU,20140511,0
CHA,ARI,20140511,0
CIN,COL,20140511,1
DET,MIN,20140511,0
LAN,SFN,20140511,0
MIL,NYA,20140511,1
NYN,PHI,20140511,1
OAK,WAS,20140511,1
PIT,SLN,20140511,0
SDN,MIA,20140511,1
SEA,KCA,20140511,0
TBA,CLE,20140511,0
TEX,BOS,20140511,0
TOR,ANA,20140511,0
ARI,WAS,20140512,0
BAL,DET,20140512,0
HOU,TEX,20140512,0
LAN,MIA,20140512,1
NYA,NYN,20140512,0
OAK,CHA,20140512,1
SEA,TBA,20140512,1
SFN,ATL,20140512,1
SLN,CHN,20140512,0
TOR,ANA,20140512,1
ARI,WAS,20140513,1
BAL,DET,20140513,0
CIN,SDN,20140513,0
HOU,TEX,20140513,1
KCA,COL,20140513,1
LAN,MIA,20140513,1
MIL,PIT,20140513,1
MIN,BOS,20140513,1
NYA,NYN,20140513,0
OAK,CHA,20140513,1
PHI,ANA,20140513,0
SEA,TBA,20140513,0
SFN,ATL,20140513,0
SLN,CHN,20140513,1
TOR,CLE,20140513,1
ARI,WAS,20140514,0
BAL,DET,20140514,0
HOU,TEX,20140514,1
KCA,COL,20140514,1
LAN,MIA,20140514,0
MIL,PIT,20140514,0
MIN,BOS,20140514,0
NYN,NYA,20140514,0
OAK,CHA,20140514,0
PHI,ANA,20140514,0
SEA,TBA,20140514,0
SFN,ATL,20140514,1
TOR,CLE,20140514,0
ANA,TBA,20140515,1
CIN,SDN,20140515,1
CIN,SDN,20140515,0
KCA,BAL,20140515,0
MIL,PIT,20140515,1
MIN,BOS,20140515,1
NYN,NYA,20140515,0
SFN,MIA,20140515,1
SLN,CHN,20140515,1
TOR,CLE,20140515,1
ANA,TBA,20140516,0
ARI,LAN,20140516,0
BOS,DET,20140516,0
CHN,MIL,20140516,0
CLE,OAK,20140516,0
COL,SDN,20140516,1
HOU,CHA,20140516,0
KCA,BAL,20140516,0
MIN,SEA,20140516,1
PHI,CIN,20140516,0
SFN,MIA,20140516,0
SLN,ATL,20140516,1
TEX,TOR,20140516,0
WAS,NYN,20140516,1
ANA,TBA,20140517,1
ARI,LAN,20140517,1
BOS,DET,20140517,0
CHN,MIL,20140517,1
CLE,OAK,20140517,0
COL,SDN,20140517,0
HOU,CHA,20140517,1
KCA,BAL,20140517,1
MIN,SEA,20140517,1
NYA,PIT,20140517,1
PHI,CIN,20140517,1
SFN,MIA,20140517,0
SLN,ATL,20140517,1
TEX,TOR,20140517,0
WAS,NYN,20140517,0
ANA,TBA,20140518,1
ARI,LAN,20140518,1
BOS,DET,20140518,0
CHN,MIL,20140518,1
CLE,OAK,20140518,0
COL,SDN,20140518,1
HOU,CHA,20140518,1
KCA,BAL,20140518,1
MIN,SEA,20140518,0
NYA,PIT,20140518,1
NYA,PIT,20140518,0
PHI,CIN,20140518,1
SFN,MIA,20140518,1
SLN,ATL,20140518,0
TEX,TOR,20140518,1
WAS,NYN,20140518,1
ANA,HOU,20140519,0
ATL,MIL,20140519,1
CLE,DET,20140519,1
KCA,CHA,20140519,0
WAS,CIN,20140519,0
ANA,HOU,20140520,1
ATL,MIL,20140520,1
BOS,TOR,20140520,0
CHN,NYA,20140520,1
CLE,DET,20140520,1
COL,SFN,20140520,1
KCA,CHA,20140520,0
MIA,PHI,20140520,0
NYN,LAN,20140520,0
PIT,BAL,20140520,0
SDN,MIN,20140520,0
SLN,ARI,20140520,1
TBA,OAK,20140520,0
TEX,SEA,20140520,0
WAS,CIN,20140520,1
ANA,HOU,20140521,1
ATL,MIL,20140521,0
BOS,TOR,20140521,0
CHN,NYA,20140521,0
CLE,DET,20140521,1
COL,SFN,20140521,0
KCA,CHA,20140521,1
MIA,PHI,20140521,1
NYN,LAN,20140521,0
PIT,BAL,20140521,1
SDN,MIN,20140521,0
SLN,ARI,20140521,1
TBA,OAK,20140521,0
TEX,SEA,20140521,1
WAS,CIN,20140521,0
ATL,MIL,20140522,1
BAL,CLE,20140522,0
BOS,TOR,20140522,0
CHA,NYA,20140522,1
COL,SFN,20140522,0
DET,TEX,20140522,0
MIA,PHI,20140522,1
NYN,LAN,20140522,1
PIT,WAS,20140522,1
SDN,CHN,20140522,0
SEA,HOU,20140522,1
SLN,ARI,20140522,1
TBA,OAK,20140522,1
ANA,KCA,20140523,1
ATL,COL,20140523,1
BAL,CLE,20140523,1
CHA,NYA,20140523,1
CIN,SLN,20140523,1
DET,TEX,20140523,1
MIA,MIL,20140523,0
PHI,LAN,20140523,0
PIT,WAS,20140523,1
SDN,CHN,20140523,1
SEA,HOU,20140523,1
SFN,MIN,20140523,1
TBA,BOS,20140523,1
TOR,OAK,20140523,1
ANA,KCA,20140524,0
ATL,COL,20140524,0
BAL,CLE,20140524,0
CHA,NYA,20140524,0
CIN,SLN,20140524,0
DET,TEX,20140524,0
MIA,MIL,20140524,1
NYN,ARI,20140524,0
PHI,LAN,20140524,1
PIT,WAS,20140524,1
SDN,CHN,20140524,0
SEA,HOU,20140524,0
SFN,MIN,20140524,1
TBA,BOS,20140524,1
TOR,OAK,20140524,1
ANA,KCA,20140525,1
ATL,COL,20140525,1
BAL,CLE,20140525,1
CHA,NYA,20140525,0
CIN,SLN,20140525,0
DET,TEX,20140525,0
MIA,MIL,20140525,0
NYN,ARI,20140525,0
NYN,ARI,20140525,1
PHI,LAN,20140525,0
PIT,WAS,20140525,0
SDN,CHN,20140525,1
SEA,HOU,20140525,0
SFN,MIN,20140525,1
TBA,BOS,20140525,1
TOR,OAK,20140525,1
ARI,SDN,20140526,1
ATL,BOS,20140526,0
CHA,CLE,20140526,1
KCA,HOU,20140526,0
LAN,CIN,20140526,1
MIL,BAL,20140526,0
MIN,TEX,20140526,0
NYN,PIT,20140526,0
OAK,DET,20140526,1
PHI,COL,20140526,1
SEA,ANA,20140526,1
SFN,CHN,20140526,0
SLN,NYA,20140526,0
TOR,TBA,20140526,1
WAS,MIA,20140526,0
ARI,SDN,20140527,0
ATL,BOS,20140527,0
CHA,CLE,20140527,1
KCA,HOU,20140527,0
LAN,CIN,20140527,1
MIL,BAL,20140527,1
MIN,TEX,20140527,1
NYN,PIT,20140527,1
OAK,DET,20140527,0
PHI,COL,20140527,0
SEA,ANA,20140527,0
SFN,CHN,20140527,1
SLN,NYA,20140527,1
TOR,TBA,20140527,1
ARI,SDN,20140528,1
BOS,ATL,20140528,1
CHA,CLE,20140528,1
KCA,HOU,20140528,0
LAN,CIN,20140528,0
MIL,BAL,20140528,1
MIN,TEX,20140528,0
NYN,PIT,20140528,1
OAK,DET,20140528,1
PHI,COL,20140528,1
SEA,ANA,20140528,1
SFN,CHN,20140528,1
SLN,NYA,20140528,0
TOR,TBA,20140528,1
WAS,MIA,20140528,0
ARI,CIN,20140529,1
BOS,ATL,20140529,1
HOU,BAL,20140529,1
LAN,PIT,20140529,0
MIN,TEX,20140529,0
OAK,DET,20140529,0
PHI,NYN,20140529,0
SEA,ANA,20140529,0
SLN,SFN,20140529,0
TOR,KCA,20140529,0
ARI,CIN,20140530,0
BOS,TBA,20140530,1
CHA,SDN,20140530,0
CLE,COL,20140530,1
HOU,BAL,20140530,1
LAN,PIT,20140530,0
MIA,ATL,20140530,0
MIL,CHN,20140530,1
NYA,MIN,20140530,0
OAK,ANA,20140530,1
PHI,NYN,20140530,1
SEA,DET,20140530,0
SLN,SFN,20140530,0
TOR,KCA,20140530,0
WAS,TEX,20140530,1
ARI,CIN,20140531,0
BOS,TBA,20140531,1
CHA,SDN,20140531,0
CLE,COL,20140531,1
HOU,BAL,20140531,0
LAN,PIT,20140531,1
MIA,ATL,20140531,0
MIL,CHN,20140531,0
NYA,MIN,20140531,1
OAK,ANA,20140531,1
PHI,NYN,20140531,0
SEA,DET,20140531,1
SLN,SFN,20140531,1
TOR,KCA,20140531,1
WAS,TEX,20140531,1
ARI,CIN,20140601,0
BOS,TBA,20140601,1
CHA,SDN,20140601,1
CLE,COL,20140601,1
HOU,BAL,20140601,0
LAN,PIT,20140601,0
MIA,ATL,20140601,0
MIL,CHN,20140601,1
NYA,MIN,20140601,0
OAK,ANA,20140601,1
PHI,NYN,20140601,0
SEA,DET,20140601,1
SLN,SFN,20140601,0
TOR,KCA,20140601,1
WAS,TEX,20140601,0
CLE,BOS,20140602,1
LAN,CHA,20140602,1
MIA,TBA,20140602,1
MIL,MIN,20140602,1
NYA,SEA,20140602,0
PHI,NYN,20140602,0
SDN,PIT,20140602,0
SLN,KCA,20140602,0
ATL,SEA,20140603,0
CHN,NYN,20140603,1
CIN,SFN,20140603,1
CLE,BOS,20140603,1
COL,ARI,20140603,0
DET,TOR,20140603,0
HOU,ANA,20140603,1
LAN,CHA,20140603,0
MIA,TBA,20140603,1
MIL,MIN,20140603,0
NYA,OAK,20140603,0
SDN,PIT,20140603,0
SLN,KCA,20140603,0
TEX,BAL,20140603,0
WAS,PHI,20140603,1
ATL,SEA,20140604,0
CHN,NYN,20140604,1
CIN,SFN,20140604,0
CLE,BOS,20140604,1
COL,ARI,20140604,0
DET,TOR,20140604,0
HOU,ANA,20140604,0
KCA,SLN,20140604,0
LAN,CHA,20140604,0
MIN,MIL,20140604,1
NYA,OAK,20140604,0
SDN,PIT,20140604,1
TBA,MIA,20140604,0
TEX,BAL,20140604,0
WAS,PHI,20140604,1
CHN,NYN,20140605,1
CIN,SFN,20140605,0
COL,ARI,20140605,0
DET,TOR,20140605,0
HOU,ANA,20140605,1
KCA,SLN,20140605,1
MIN,MIL,20140605,0
NYA,OAK,20140605,1
TBA,MIA,20140605,0
TEX,BAL,20140605,1
WAS,PHI,20140605,1
ANA,CHA,20140606,1
ARI,ATL,20140606,0
BAL,OAK,20140606,0
CHN,MIA,20140606,1
CIN,PHI,20140606,0
COL,LAN,20140606,0
DET,BOS,20140606,1
KCA,NYA,20140606,0
MIN,HOU,20140606,0
PIT,MIL,20140606,1
SDN,WAS,20140606,0
SFN,NYN,20140606,1
TBA,SEA,20140606,1
TEX,CLE,20140606,1
TOR,SLN,20140606,1
ANA,CHA,20140607,1
ARI,ATL,20140607,1
BAL,OAK,20140607,1
CHN,MIA,20140607,1
CIN,PHI,20140607,1
COL,LAN,20140607,1
DET,BOS,20140607,1
KCA,NYA,20140607,1
MIN,HOU,20140607,1
PIT,MIL,20140607,0
SDN,WAS,20140607,1
SFN,NYN,20140607,1
TBA,SEA,20140607,0
TEX,CLE,20140607,0
TOR,SLN,20140607,0
ANA,CHA,20140608,1
ARI,ATL,20140608,1
BAL,OAK,20140608,0
CHN,MIA,20140608,0
CIN,PHI,20140608,1
COL,LAN,20140608,0
DET,BOS,20140608,0
KCA,NYA,20140608,1
MIN,HOU,20140608,0
PIT,MIL,20140608,0
SDN,WAS,20140608,0
SFN,NYN,20140608,1
TBA,SEA,20140608,0
TEX,CLE,20140608,0
TOR,SLN,20140608,0
ANA,OAK,20140609,1
ARI,HOU,20140609,0
BAL,BOS,20140609,1
CHA,DET,20140609,1
CIN,LAN,20140609,0
COL,ATL,20140609,0
PIT,CHN,20140609,1
SFN,WAS,20140609,0
TBA,SEA,20140609,0
TEX,CLE,20140609,0
TOR,MIN,20140609,1
ANA,OAK,20140610,1
ARI,HOU,20140610,1
BAL,BOS,20140610,0
CIN,LAN,20140610,0
COL,ATL,20140610,0
KCA,CLE,20140610,1
NYN,MIL,20140610,1
PHI,SDN,20140610,1
PIT,CHN,20140610,0
SEA,NYA,20140610,0
SFN,WAS,20140610,0
TBA,SLN,20140610,0
TEX,MIA,20140610,0
TOR,MIN,20140610,0
ANA,OAK,20140611,0
BAL,BOS,20140611,1
CHA,DET,20140611,1
CIN,LAN,20140611,1
COL,ATL,20140611,1
HOU,ARI,20140611,1
KCA,CLE,20140611,1
NYN,MIL,20140611,0
PHI,SDN,20140611,1
PIT,CHN,20140611,1
SEA,NYA,20140611,0
SFN,WAS,20140611,0
TBA,SLN,20140611,1
TEX,MIA,20140611,1
TOR,MIN,20140611,0
BAL,TOR,20140612,1
BOS,CLE,20140612,1
CHA,DET,20140612,0
CIN,LAN,20140612,1
COL,ATL,20140612,1
HOU,ARI,20140612,1
NYN,MIL,20140612,0
PHI,SDN,20140612,1
PIT,CHN,20140612,1
SEA,NYA,20140612,0
SFN,WAS,20140612,1
ATL,ANA,20140613,1
BAL,TOR,20140613,0
BOS,CLE,20140613,1
CHA,KCA,20140613,0
DET,MIN,20140613,0
HOU,TBA,20140613,0
LAN,ARI,20140613,1
MIA,PIT,20140613,0
MIL,CIN,20140613,0
NYN,SDN,20140613,1
OAK,NYA,20140613,0
PHI,CHN,20140613,0
SEA,TEX,20140613,0
SFN,COL,20140613,0
SLN,WAS,20140613,1
ATL,ANA,20140614,0
BAL,TOR,20140614,1
BOS,CLE,20140614,0
CHA,KCA,20140614,0
DET,MIN,20140614,1
HOU,TBA,20140614,1
LAN,ARI,20140614,1
MIA,PIT,20140614,0
MIL,CIN,20140614,1
NYN,SDN,20140614,0
OAK,NYA,20140614,1
PHI,CHN,20140614,1
SEA,TEX,20140614,0
SFN,COL,20140614,0
SLN,WAS,20140614,1
ATL,ANA,20140615,1
BAL,TOR,20140615,0
BOS,CLE,20140615,0
CHA,KCA,20140615,0
DET,MIN,20140615,1
HOU,TBA,20140615,0
LAN,ARI,20140615,0
MIA,PIT,20140615,1
MIL,CIN,20140615,0
NYN,SDN,20140615,1
OAK,NYA,20140615,1
PHI,CHN,20140615,0
SEA,TEX,20140615,1
SFN,COL,20140615,0
SLN,WAS,20140615,1
ARI,MIL,20140616,0
ATL,PHI,20140616,0
BOS,MIN,20140616,1
CLE,ANA,20140616,1
DET,KCA,20140616,0
LAN,COL,20140616,1
MIA,CHN,20140616,0
OAK,TEX,20140616,0
SEA,SDN,20140616,1
SLN,NYN,20140616,1
TBA,BAL,20140616,1
ARI,MIL,20140617,0
ATL,PHI,20140617,0
BOS,MIN,20140617,1
CHA,SFN,20140617,1
CLE,ANA,20140617,0
DET,KCA,20140617,0
LAN,COL,20140617,1
MIA,CHN,20140617,1
NYA,TOR,20140617,1
OAK,TEX,20140617,1
PIT,CIN,20140617,0
SEA,SDN,20140617,1
SLN,NYN,20140617,1
TBA,BAL,20140617,0
WAS,HOU,20140617,1
ARI,MIL,20140618,1
ATL,PHI,20140618,0
BOS,MIN,20140618,1
CHA,SFN,20140618,1
DET,KCA,20140618,0
LAN,COL,20140618,1
MIA,CHN,20140618,0
NYA,TOR,20140618,1
OAK,TEX,20140618,1
PIT,CIN,20140618,0
SDN,SEA,20140618,1
SLN,NYN,20140618,0
TBA,BAL,20140618,0
WAS,HOU,20140618,1
ARI,MIL,20140619,0
CLE,ANA,20140619,1
DET,KCA,20140619,1
MIA,NYN,20140619,0
MIN,CHA,20140619,1
NYA,TOR,20140619,1
OAK,BOS,20140619,1
PIT,CIN,20140619,1
SDN,SEA,20140619,1
SLN,PHI,20140619,0
TBA,HOU,20140619,1
WAS,ATL,20140619,0
ANA,TEX,20140620,1
ARI,SFN,20140620,1
CHN,PIT,20140620,1
CIN,TOR,20140620,0
CLE,DET,20140620,0
COL,MIL,20140620,0
KCA,SEA,20140620,0
MIA,NYN,20140620,1
MIN,CHA,20140620,1
NYA,BAL,20140620,1
OAK,BOS,20140620,1
SDN,LAN,20140620,1
SLN,PHI,20140620,0
TBA,HOU,20140620,0
WAS,ATL,20140620,0
ANA,TEX,20140621,1
ARI,SFN,20140621,0
CHN,PIT,20140621,0
CIN,TOR,20140621,1
CLE,DET,20140621,0
COL,MIL,20140621,0
KCA,SEA,20140621,0
MIA,NYN,20140621,0
MIN,CHA,20140621,1
NYA,BAL,20140621,0
OAK,BOS,20140621,1
SDN,LAN,20140621,0
SLN,PHI,20140621,1
TBA,HOU,20140621,1
WAS,ATL,20140621,1
ANA,TEX,20140622,1
ARI,SFN,20140622,0
CHN,PIT,20140622,0
CIN,TOR,20140622,1
CLE,DET,20140622,0
COL,MIL,20140622,0
KCA,SEA,20140622,0
MIA,NYN,20140622,0
MIN,CHA,20140622,1
NYA,BAL,20140622,0
OAK,BOS,20140622,0
SDN,LAN,20140622,0
SLN,PHI,20140622,1
TBA,HOU,20140622,1
WAS,ATL,20140622,1
BAL,CHA,20140623,1
CHN,CIN,20140623,0
COL,SLN,20140623,0
KCA,LAN,20140623,1
MIL,WAS,20140623,0
PHI,MIA,20140623,0
SEA,BOS,20140623,1
SFN,SDN,20140623,0
TBA,PIT,20140623,0
TOR,NYA,20140623,1
ANA,MIN,20140624,1
ARI,CLE,20140624,1
BAL,CHA,20140624,0
CHN,CIN,20140624,1
COL,SLN,20140624,1
HOU,ATL,20140624,0
KCA,LAN,20140624,0
MIL,WAS,20140624,0
NYN,OAK,20140624,1
PHI,MIA,20140624,1
SEA,BOS,20140624,1
SFN,SDN,20140624,0
TBA,PIT,20140624,0
TEX,DET,20140624,0
TOR,NYA,20140624,1
ANA,MIN,20140625,1
ARI,CLE,20140625,0
BAL,CHA,20140625,1
CHN,CIN,20140625,0
COL,SLN,20140625,0
HOU,ATL,20140625,0
KCA,LAN,20140625,0
MIL,WAS,20140625,1
NYN,OAK,20140625,0
PHI,MIA,20140625,0
SEA,BOS,20140625,0
SFN,SDN,20140625,1
TBA,PIT,20140625,1
TEX,DET,20140625,0
TOR,NYA,20140625,0
ANA,MIN,20140626,1
CHN,WAS,20140626,1
HOU,ATL,20140626,1
LAN,SLN,20140626,1
MIL,COL,20140626,1
PHI,MIA,20140626,1
PIT,NYN,20140626,1
SFN,CIN,20140626,0
TEX,DET,20140626,0
TOR,CHA,20140626,1
BAL,TBA,20140627,0
BAL,TBA,20140627,1
CHN,WAS,20140627,1
HOU,DET,20140627,1
KCA,ANA,20140627,1
LAN,SLN,20140627,0
MIA,OAK,20140627,0
MIL,COL,20140627,1
NYA,BOS,20140627,1
PHI,ATL,20140627,0
PIT,NYN,20140627,1
SDN,ARI,20140627,0
SEA,CLE,20140627,1
SFN,CIN,20140627,0
TEX,MIN,20140627,1
TOR,CHA,20140627,0
BAL,TBA,20140628,0
CHN,WAS,20140628,0
CHN,WAS,20140628,0
HOU,DET,20140628,0
KCA,ANA,20140628,0
LAN,SLN,20140628,1
MIA,OAK,20140628,0
MIL,COL,20140628,1
NYA,BOS,20140628,0
PHI,ATL,20140628,0
PHI,ATL,20140628,0
PIT,NYN,20140628,0
SDN,ARI,20140628,0
SEA,CLE,20140628,0
SFN,CIN,20140628,0
TEX,MIN,20140628,1
TOR,CHA,20140628,0
BAL,TBA,20140629,0
HOU,DET,20140629,1
KCA,ANA,20140629,1
LAN,SLN,20140629,1
MIA,OAK,20140629,0
MIL,COL,20140629,0
NYA,BOS,20140629,0
PHI,ATL,20140629,0
PIT,NYN,20140629,1
SDN,ARI,20140629,1
SEA,CLE,20140629,1
SFN,CIN,20140629,0
TEX,MIN,20140629,0
TOR,CHA,20140629,0
ATL,NYN,20140630,1
BAL,TEX,20140630,1
BOS,CHN,20140630,0
DET,OAK,20140630,1
HOU,SEA,20140630,0
LAN,CLE,20140630,1
MIN,KCA,20140630,0
NYA,TBA,20140630,0
SDN,CIN,20140630,1
WAS,COL,20140630,1
ATL,NYN,20140701,1
BAL,TEX,20140701,1
BOS,CHN,20140701,0
CHA,ANA,20140701,0
CHA,ANA,20140701,0
DET,OAK,20140701,1
HOU,SEA,20140701,0
LAN,CLE,20140701,0
MIA,PHI,20140701,1
MIN,KCA,20140701,1
NYA,TBA,20140701,0
PIT,ARI,20140701,1
SDN,CIN,20140701,1
SFN,SLN,20140701,1
TOR,MIL,20140701,1
WAS,COL,20140701,1
ATL,NYN,20140702,1
BAL,TEX,20140702,1
BOS,CHN,20140702,0
CHA,ANA,20140702,1
DET,OAK,20140702,1
HOU,SEA,20140702,0
LAN,CLE,20140702,0
MIA,PHI,20140702,1
MIN,KCA,20140702,0
NYA,TBA,20140702,0
PIT,ARI,20140702,1
SDN,CIN,20140702,1
SFN,SLN,20140702,0
TOR,MIL,20140702,1
WAS,COL,20140702,1
ANA,HOU,20140703,1
BAL,TEX,20140703,1
COL,LAN,20140703,0
DET,TBA,20140703,1
MIA,PHI,20140703,0
MIN,NYA,20140703,0
OAK,TOR,20140703,1
PIT,ARI,20140703,0
SFN,SLN,20140703,0
ANA,HOU,20140704,1
ATL,ARI,20140704,1
CHA,SEA,20140704,1
CIN,MIL,20140704,1
CLE,KCA,20140704,0
COL,LAN,20140704,0
DET,TBA,20140704,0
MIN,NYA,20140704,0
NYN,TEX,20140704,1
OAK,TOR,20140704,1
PIT,PHI,20140704,1
SDN,SFN,20140704,1
SLN,MIA,20140704,1
WAS,CHN,20140704,0
ANA,HOU,20140705,1
ATL,ARI,20140705,1
BOS,BAL,20140705,1
BOS,BAL,20140705,0
CHA,SEA,20140705,0
CIN,MIL,20140705,0
CLE,KCA,20140705,1
COL,LAN,20140705,1
DET,TBA,20140705,0
MIN,NYA,20140705,1
NYN,TEX,20140705,0
OAK,TOR,20140705,1
PIT,PHI,20140705,1
SDN,SFN,20140705,0
SLN,MIA,20140705,0
WAS,CHN,20140705,1
ANA,HOU,20140706,1
ATL,ARI,20140706,0
BOS,BAL,20140706,0
CHA,SEA,20140706,1
CIN,MIL,20140706,1
CLE,KCA,20140706,1
COL,LAN,20140706,0
DET,TBA,20140706,0
MIN,NYA,20140706,0
NYN,TEX,20140706,1
OAK,TOR,20140706,1
PIT,PHI,20140706,1
SDN,SFN,20140706,0
SLN,MIA,20140706,0
WAS,CHN,20140706,1
ANA,TOR,20140707,1
ARI,MIA,20140707,1
BOS,CHA,20140707,0
CIN,CHN,20140707,1
CLE,NYA,20140707,0
COL,SDN,20140707,0
MIL,PHI,20140707,0
NYN,ATL,20140707,1
OAK,SFN,20140707,1
SEA,MIN,20140707,1
SLN,PIT,20140707,1
TBA,KCA,20140707,0
TEX,HOU,20140707,0
WAS,BAL,20140707,0
ANA,TOR,20140708,0
ARI,MIA,20140708,0
BOS,CHA,20140708,0
CIN,CHN,20140708,1
CIN,CHN,20140708,1
CLE,NYA,20140708,1
COL,SDN,20140708,1
DET,LAN,20140708,1
MIL,PHI,20140708,0
NYN,ATL,20140708,1
OAK,SFN,20140708,1
SEA,MIN,20140708,0
SLN,PIT,20140708,1
TBA,KCA,20140708,1
TEX,HOU,20140708,0
ANA,TOR,20140709,1
ARI,MIA,20140709,1
BAL,WAS,20140709,0
BOS,CHA,20140709,1
CIN,CHN,20140709,1
CLE,NYA,20140709,0
COL,SDN,20140709,1
DET,LAN,20140709,1
MIL,PHI,20140709,0
NYN,ATL,20140709,1
SEA,MIN,20140709,0
SFN,OAK,20140709,1
SLN,PIT,20140709,1
TBA,KCA,20140709,0
TEX,HOU,20140709,0
BAL,WAS,20140710,1
BOS,CHA,20140710,1
CIN,CHN,20140710,0
CLE,NYA,20140710,1
KCA,DET,20140710,0
LAN,SDN,20140710,1
MIL,PHI,20140710,0
NYN,ATL,20140710,0
SEA,MIN,20140710,0
SFN,OAK,20140710,0
SLN,PIT,20140710,0
TEX,ANA,20140710,0
BAL,NYA,20140711,1
CHN,ATL,20140711,1
CIN,PIT,20140711,1
CLE,CHA,20140711,1
COL,MIN,20140711,1
HOU,BOS,20140711,0
KCA,DET,20140711,0
LAN,SDN,20140711,0
MIL,SLN,20140711,0
NYN,MIA,20140711,1
PHI,WAS,20140711,1
SEA,OAK,20140711,1
SFN,ARI,20140711,1
TBA,TOR,20140711,0
TEX,ANA,20140711,0
BAL,NYA,20140712,0
CHN,ATL,20140712,0
CIN,PIT,20140712,0
CLE,CHA,20140712,0
COL,MIN,20140712,0
HOU,BOS,20140712,1
KCA,DET,20140712,0
LAN,SDN,20140712,1
MIL,SLN,20140712,0
NYN,MIA,20140712,1
PHI,WAS,20140712,0
SEA,OAK,20140712,1
SFN,ARI,20140712,0
TBA,TOR,20140712,1
TEX,ANA,20140712,0
BAL,NYA,20140713,1
CHN,ATL,20140713,0
CIN,PIT,20140713,1
CLE,CHA,20140713,1
COL,MIN,20140713,0
HOU,BOS,20140713,0
KCA,DET,20140713,1
LAN,SDN,20140713,1
MIL,SLN,20140713,1
NYN,MIA,20140713,1
PHI,WAS,20140713,0
SEA,OAK,20140713,0
SFN,ARI,20140713,1
TBA,TOR,20140713,1
TEX,ANA,20140713,0
ANA,SEA,20140718,1
ARI,CHN,20140718,1
ATL,PHI,20140718,1
BOS,KCA,20140718,1
CHA,HOU,20140718,1
DET,CLE,20140718,0
MIA,SFN,20140718,0
MIN,TBA,20140718,0
NYA,CIN,20140718,1
OAK,BAL,20140718,1
PIT,COL,20140718,1
SDN,NYN,20140718,0
SLN,LAN,20140718,1
TOR,TEX,20140718,0
WAS,MIL,20140718,0
ANA,SEA,20140719,0
ARI,CHN,20140719,1
ATL,PHI,20140719,0
BOS,KCA,20140719,1
CHA,HOU,20140719,1
DET,CLE,20140719,0
DET,CLE,20140719,0
MIA,SFN,20140719,0
MIN,TBA,20140719,0
NYA,CIN,20140719,1
OAK,BAL,20140719,0
PIT,COL,20140719,1
SDN,NYN,20140719,1
SLN,LAN,20140719,1
TOR,TEX,20140719,1
WAS,MIL,20140719,1
ANA,SEA,20140720,1
ARI,CHN,20140720,1
ATL,PHI,20140720,1
BOS,KCA,20140720,1
CHA,HOU,20140720,0
DET,CLE,20140720,1
MIA,SFN,20140720,1
MIN,TBA,20140720,0
NYA,CIN,20140720,1
OAK,BAL,20140720,1
PIT,COL,20140720,1
SDN,NYN,20140720,1
SLN,LAN,20140720,0
TOR,TEX,20140720,1
WAS,MIL,20140720,1
ANA,BAL,20140721,0
ARI,DET,20140721,0
ATL,MIA,20140721,0
CHA,KCA,20140721,1
COL,WAS,20140721,0
MIL,CIN,20140721,1
MIN,CLE,20140721,1
NYA,TEX,20140721,0
PHI,SFN,20140721,0
PIT,LAN,20140721,0
SEA,NYN,20140721,1
TOR,BOS,20140721,0
ANA,BAL,20140722,0
ARI,DET,20140722,1
ATL,MIA,20140722,0
CHA,KCA,20140722,0
CHN,SDN,20140722,1
COL,WAS,20140722,0
MIL,CIN,20140722,1
MIN,CLE,20140722,0
NYA,TEX,20140722,1
OAK,HOU,20140722,0
PHI,SFN,20140722,0
PIT,LAN,20140722,1
SEA,NYN,20140722,0
SLN,TBA,20140722,0
TOR,BOS,20140722,1
ANA,BAL,20140723,1
ARI,DET,20140723,0
ATL,MIA,20140723,1
CHA,KCA,20140723,0
CHN,SDN,20140723,0
COL,WAS,20140723,1
MIL,CIN,20140723,1
MIN,CLE,20140723,1
NYA,TEX,20140723,1
OAK,HOU,20140723,1
PHI,SFN,20140723,0
PIT,LAN,20140723,1
SEA,NYN,20140723,0
SLN,TBA,20140723,0
TOR,BOS,20140723,1
ANA,DET,20140724,0
ATL,MIA,20140724,0
CHN,SDN,20140724,0
KCA,CLE,20140724,1
MIL,NYN,20140724,1
MIN,CHA,20140724,0
NYA,TEX,20140724,1
OAK,HOU,20140724,1
PHI,SFN,20140724,1
SEA,BAL,20140724,0
TOR,BOS,20140724,1
ANA,DET,20140725,1
ATL,SDN,20140725,0
CHN,SLN,20140725,1
CIN,WAS,20140725,0
COL,PIT,20140725,1
HOU,MIA,20140725,0
KCA,CLE,20140725,1
MIL,NYN,20140725,0
MIN,CHA,20140725,0
NYA,TOR,20140725,1
PHI,ARI,20140725,1
SEA,BAL,20140725,0
SFN,LAN,20140725,0
TBA,BOS,20140725,1
TEX,OAK,20140725,1
ANA,DET,20140726,1
ATL,SDN,20140726,1
CHN,SLN,20140726,0
CIN,WAS,20140726,1
COL,PIT,20140726,1
HOU,MIA,20140726,0
KCA,CLE,20140726,1
MIL,NYN,20140726,1
MIN,CHA,20140726,0
NYA,TOR,20140726,0
PHI,ARI,20140726,0
SEA,BAL,20140726,1
SFN,LAN,20140726,0
TBA,BOS,20140726,1
TEX,OAK,20140726,0
ANA,DET,20140727,1
ATL,SDN,20140727,1
CHN,SLN,20140727,0
CIN,WAS,20140727,0
COL,PIT,20140727,0
HOU,MIA,20140727,0
KCA,CLE,20140727,0
MIL,NYN,20140727,0
MIN,CHA,20140727,1
NYA,TOR,20140727,0
PHI,ARI,20140727,1
SEA,BAL,20140727,0
SFN,LAN,20140727,0
TBA,BOS,20140727,0
TEX,OAK,20140727,0
ATL,SDN,20140728,1
BOS,TOR,20140728,0
CHN,COL,20140728,1
CIN,ARI,20140728,0
HOU,OAK,20140728,1
MIA,WAS,20140728,1
NYN,PHI,20140728,1
SFN,PIT,20140728,0
TBA,MIL,20140728,1
TEX,NYA,20140728,1
BAL,ANA,20140729,1
BOS,TOR,20140729,0
CHN,COL,20140729,1
CIN,ARI,20140729,1
CLE,SEA,20140729,0
DET,CHA,20140729,0
HOU,OAK,20140729,0
KCA,MIN,20140729,0
LAN,ATL,20140729,1
MIA,WAS,20140729,1
NYN,PHI,20140729,0
SDN,SLN,20140729,1
SFN,PIT,20140729,0
TBA,MIL,20140729,1
TEX,NYA,20140729,0
BAL,ANA,20140730,1
BOS,TOR,20140730,0
CHN,COL,20140730,0
CIN,ARI,20140730,0
CLE,SEA,20140730,1
DET,CHA,20140730,1
HOU,OAK,20140730,1
KCA,MIN,20140730,1
LAN,ATL,20140730,1
MIA,WAS,20140730,0
NYN,PHI,20140730,1
SDN,SLN,20140730,1
SFN,PIT,20140730,1
TBA,MIL,20140730,0
TEX,NYA,20140730,1
ARI,PIT,20140731,1
BAL,ANA,20140731,0
CHN,COL,20140731,1
CLE,SEA,20140731,0
DET,CHA,20140731,0
HOU,TOR,20140731,0
KCA,MIN,20140731,1
LAN,ATL,20140731,1
MIA,CIN,20140731,0
SDN,SLN,20140731,0
WAS,PHI,20140731,0
ARI,PIT,20140801,0
BAL,SEA,20140801,1
BOS,NYA,20140801,1
CHA,MIN,20140801,1
CLE,TEX,20140801,1
DET,COL,20140801,1
HOU,TOR,20140801,1
LAN,CHN,20140801,0
MIA,CIN,20140801,0
NYN,SFN,20140801,0
OAK,KCA,20140801,0
SDN,ATL,20140801,1
SLN,MIL,20140801,0
TBA,ANA,20140801,0
WAS,PHI,20140801,0
ARI,PIT,20140802,0
BAL,SEA,20140802,0
BOS,NYA,20140802,0
CHA,MIN,20140802,0
CLE,TEX,20140802,1
DET,COL,20140802,1
HOU,TOR,20140802,1
LAN,CHN,20140802,1
MIA,CIN,20140802,1
NYN,SFN,20140802,1
OAK,KCA,20140802,1
SDN,ATL,20140802,1
SLN,MIL,20140802,1
TBA,ANA,20140802,1
WAS,PHI,20140802,1
ARI,PIT,20140803,1
BAL,SEA,20140803,1
BOS,NYA,20140803,0
CHA,MIN,20140803,0
CLE,TEX,20140803,1
DET,COL,20140803,1
HOU,TOR,20140803,1
LAN,CHN,20140803,0
MIA,CIN,20140803,0
NYN,SFN,20140803,0
OAK,KCA,20140803,0
SDN,ATL,20140803,1
SLN,MIL,20140803,1
TBA,ANA,20140803,0
WAS,PHI,20140803,1
CHA,TEX,20140804,1
CLE,CIN,20140804,1
LAN,ANA,20140804,0
NYA,DET,20140804,1
NYN,SFN,20140804,0
OAK,TBA,20140804,1
WAS,BAL,20140804,0
ARI,KCA,20140805,0
CHA,TEX,20140805,0
CLE,CIN,20140805,0
COL,CHN,20140805,0
LAN,ANA,20140805,1
MIL,SFN,20140805,1
MIN,SDN,20140805,1
NYA,DET,20140805,0
OAK,TBA,20140805,1
PHI,HOU,20140805,1
PIT,MIA,20140805,0
SEA,ATL,20140805,1
SLN,BOS,20140805,1
TOR,BAL,20140805,0
WAS,NYN,20140805,0
ANA,LAN,20140806,0
ARI,KCA,20140806,0
CHA,TEX,20140806,0
CIN,CLE,20140806,1
COL,CHN,20140806,1
MIL,SFN,20140806,0
MIN,SDN,20140806,0
NYA,DET,20140806,1
OAK,TBA,20140806,0
PHI,HOU,20140806,1
PIT,MIA,20140806,1
SEA,ATL,20140806,1
SLN,BOS,20140806,0
TOR,BAL,20140806,1
WAS,NYN,20140806,1
ANA,LAN,20140807,0
ARI,KCA,20140807,0
CIN,CLE,20140807,1
COL,CHN,20140807,0
MIL,SFN,20140807,1
NYA,DET,20140807,1
OAK,MIN,20140807,1
PHI,HOU,20140807,1
PIT,MIA,20140807,1
SEA,CHA,20140807,1
SLN,BOS,20140807,1
TOR,BAL,20140807,0
WAS,NYN,20140807,1
ANA,BOS,20140808,0
ARI,COL,20140808,1
ATL,WAS,20140808,1
BAL,SLN,20140808,1
CHN,TBA,20140808,0
CIN,MIA,20140808,0
HOU,TEX,20140808,1
KCA,SFN,20140808,1
MIL,LAN,20140808,1
NYA,CLE,20140808,1
OAK,MIN,20140808,1
PHI,NYN,20140808,0
PIT,SDN,20140808,1
SEA,CHA,20140808,1
TOR,DET,20140808,0
ANA,BOS,20140809,1
ARI,COL,20140809,1
ATL,WAS,20140809,0
BAL,SLN,20140809,1
CHN,TBA,20140809,0
CIN,MIA,20140809,0
HOU,TEX,20140809,1
KCA,SFN,20140809,1
MIL,LAN,20140809,1
NYA,CLE,20140809,0
OAK,MIN,20140809,1
PHI,NYN,20140809,0
PIT,SDN,20140809,0
SEA,CHA,20140809,0
TOR,DET,20140809,1
ANA,BOS,20140810,0
ARI,COL,20140810,0
ATL,WAS,20140810,1
BAL,SLN,20140810,0
CHN,TBA,20140810,1
CIN,MIA,20140810,1
HOU,TEX,20140810,0
KCA,SFN,20140810,1
MIL,LAN,20140810,0
NYA,CLE,20140810,0
OAK,MIN,20140810,0
PHI,NYN,20140810,1
PIT,SDN,20140810,0
SEA,CHA,20140810,1
TOR,DET,20140810,1
ATL,LAN,20140811,0
BAL,NYA,20140811,1
CHN,MIL,20140811,0
HOU,MIN,20140811,0
KCA,OAK,20140811,1
MIA,SLN,20140811,1
PHI,NYN,20140811,0
PIT,DET,20140811,1
SDN,COL,20140811,1
SEA,TOR,20140811,1
TEX,TBA,20140811,0
ANA,PHI,20140812,1
ATL,LAN,20140812,0
CHN,MIL,20140812,1
CIN,BOS,20140812,0
HOU,MIN,20140812,1
KCA,OAK,20140812,0
MIA,SLN,20140812,1
NYN,WAS,20140812,0
PIT,DET,20140812,1
SDN,COL,20140812,1
SEA,TOR,20140812,1
SFN,CHA,20140812,0
TEX,TBA,20140812,1
ANA,PHI,20140813,1
ATL,LAN,20140813,1
BAL,NYA,20140813,1
CHN,MIL,20140813,1
CIN,BOS,20140813,0
CLE,ARI,20140813,1
CLE,ARI,20140813,0
DET,PIT,20140813,1
HOU,MIN,20140813,0
KCA,OAK,20140813,1
MIA,SLN,20140813,0
NYN,WAS,20140813,0
SDN,COL,20140813,1
SEA,TOR,20140813,1
SFN,CHA,20140813,1
TEX,TBA,20140813,0
ATL,LAN,20140814,0
BOS,HOU,20140814,1
CHN,MIL,20140814,0
COL,CIN,20140814,1
DET,PIT,20140814,1
KCA,OAK,20140814,1
MIA,ARI,20140814,1
NYN,WAS,20140814,0
SLN,SDN,20140814,1
TEX,TBA,20140814,0
ATL,OAK,20140815,1
BOS,HOU,20140815,0
CHA,TOR,20140815,1
CLE,BAL,20140815,1
COL,CIN,20140815,0
DET,SEA,20140815,0
LAN,MIL,20140815,0
MIA,ARI,20140815,0
MIN,KCA,20140815,0
NYN,CHN,20140815,1
SFN,PHI,20140815,0
SLN,SDN,20140815,1
TBA,NYA,20140815,1
TEX,ANA,20140815,0
WAS,PIT,20140815,1
ATL,OAK,20140816,1
BOS,HOU,20140816,1
CHA,TOR,20140816,0
CLE,BAL,20140816,1
DET,SEA,20140816,1
LAN,MIL,20140816,0
MIA,ARI,20140816,1
MIN,KCA,20140816,1
NYN,CHN,20140816,1
SFN,PHI,20140816,1
SLN,SDN,20140816,0
TBA,NYA,20140816,0
TEX,ANA,20140816,0
WAS,PIT,20140816,1
ATL,OAK,20140817,1
BOS,HOU,20140817,0
CHA,TOR,20140817,1
CLE,BAL,20140817,0
COL,CIN,20140817,1
COL,CIN,20140817,1
DET,SEA,20140817,0
LAN,MIL,20140817,0
MIA,ARI,20140817,1
MIN,KCA,20140817,0
NYN,CHN,20140817,0
SFN,PHI,20140817,1
SLN,SDN,20140817,1
TBA,NYA,20140817,0
TEX,ANA,20140817,1
WAS,PIT,20140817,1
BOS,ANA,20140818,0
CHA,BAL,20140818,0
MIN,KCA,20140818,0
NYN,CHN,20140818,0
PHI,SEA,20140818,1
PIT,ATL,20140818,0
SLN,CIN,20140818,1
WAS,ARI,20140818,1
BOS,ANA,20140819,0
CHA,BAL,20140819,0
CHN,SFN,20140819,1
COL,KCA,20140819,0
LAN,SDN,20140819,1
MIA,TEX,20140819,1
MIL,TOR,20140819,1
MIN,CLE,20140819,0
NYA,HOU,20140819,0
OAK,NYN,20140819,1
PHI,SEA,20140819,0
PIT,ATL,20140819,0
SLN,CIN,20140819,1
TBA,DET,20140819,0
WAS,ARI,20140819,1
BOS,ANA,20140820,0
CHA,BAL,20140820,0
CHN,SFN,20140820,0
COL,KCA,20140820,1
LAN,SDN,20140820,0
MIA,TEX,20140820,0
MIL,TOR,20140820,0
MIN,CLE,20140820,0
NYA,HOU,20140820,0
OAK,NYN,20140820,0
PHI,SEA,20140820,1
PIT,ATL,20140820,1
SLN,CIN,20140820,1
TBA,DET,20140820,0
WAS,ARI,20140820,1
BOS,ANA,20140821,0
CHN,SFN,20140821,0
CIN,ATL,20140821,0
LAN,SDN,20140821,1
MIN,CLE,20140821,1
NYA,HOU,20140821,1
TBA,DET,20140821,1
WAS,ARI,20140821,1
ARI,SDN,20140822,1
BOS,SEA,20140822,0
CHN,BAL,20140822,1
CIN,ATL,20140822,0
CLE,HOU,20140822,0
COL,MIA,20140822,0
LAN,NYN,20140822,1
MIL,PIT,20140822,0
MIN,DET,20140822,1
NYA,CHA,20140822,1
OAK,ANA,20140822,1
PHI,SLN,20140822,1
TEX,KCA,20140822,0
TOR,TBA,20140822,0
WAS,SFN,20140822,0
ARI,SDN,20140823,1
BOS,SEA,20140823,0
CHN,BAL,20140823,1
CIN,ATL,20140823,1
CLE,HOU,20140823,1
COL,MIA,20140823,1
LAN,NYN,20140823,1
MIL,PIT,20140823,0
MIN,DET,20140823,1
MIN,DET,20140823,0
NYA,CHA,20140823,1
OAK,ANA,20140823,1
PHI,SLN,20140823,0
TEX,KCA,20140823,0
TOR,TBA,20140823,1
WAS,SFN,20140823,1
ARI,SDN,20140824,0
BOS,SEA,20140824,0
CHN,BAL,20140824,1
CIN,ATL,20140824,1
CLE,HOU,20140824,1
COL,MIA,20140824,1
LAN,NYN,20140824,0
MIL,PIT,20140824,1
MIN,DET,20140824,0
NYA,CHA,20140824,1
OAK,ANA,20140824,0
PHI,SLN,20140824,1
TEX,KCA,20140824,1
TOR,TBA,20140824,0
WAS,SFN,20140824,1
ANA,MIA,20140825,0
BAL,TBA,20140825,1
HOU,OAK,20140825,0
KCA,NYA,20140825,0
PHI,WAS,20140825,1
PIT,SLN,20140825,0
SDN,MIL,20140825,0
SEA,TEX,20140825,0
SFN,COL,20140825,0
TOR,BOS,20140825,0
ANA,MIA,20140826,1
ARI,LAN,20140826,0
BAL,TBA,20140826,1
CHA,CLE,20140826,0
CIN,CHN,20140826,0
DET,NYA,20140826,1
HOU,OAK,20140826,1
KCA,MIN,20140826,1
NYN,ATL,20140826,1
PHI,WAS,20140826,1
PIT,SLN,20140826,1
SDN,MIL,20140826,1
SEA,TEX,20140826,1
SFN,COL,20140826,1
TOR,BOS,20140826,0
ANA,MIA,20140827,1
ARI,LAN,20140827,0
BAL,TBA,20140827,0
CHA,CLE,20140827,1
CIN,CHN,20140827,1
DET,NYA,20140827,0
HOU,OAK,20140827,0
KCA,MIN,20140827,1
NYN,ATL,20140827,0
PHI,WAS,20140827,1
PIT,SLN,20140827,1
SDN,MIL,20140827,1
SEA,TEX,20140827,0
SFN,COL,20140827,1
TOR,BOS,20140827,1
ANA,OAK,20140828,1
BAL,TBA,20140828,1
CHA,CLE,20140828,0
CIN,CHN,20140828,1
DET,NYA,20140828,1
HOU,TEX,20140828,1
KCA,MIN,20140828,0
NYN,ATL,20140828,0
SFN,COL,20140828,1
ANA,OAK,20140829,1
ARI,COL,20140829,1
ATL,MIA,20140829,1
BAL,MIN,20140829,1
CHA,DET,20140829,0
HOU,TEX,20140829,0
KCA,CLE,20140829,0
NYN,PHI,20140829,1
PIT,CIN,20140829,1
SDN,LAN,20140829,1
SEA,WAS,20140829,0
SFN,MIL,20140829,1
SLN,CHN,20140829,0
TBA,BOS,20140829,0
TOR,NYA,20140829,0
ANA,OAK,20140830,1
ARI,COL,20140830,0
ATL,MIA,20140830,0
BAL,MIN,20140830,1
CHA,DET,20140830,1
CHA,DET,20140830,0
HOU,TEX,20140830,1
KCA,CLE,20140830,0
NYN,PHI,20140830,0
PIT,CIN,20140830,1
SDN,LAN,20140830,1
SEA,WAS,20140830,0
SFN,MIL,20140830,1
SLN,CHN,20140830,0
SLN,CHN,20140830,1
TBA,BOS,20140830,1
TOR,NYA,20140830,1
ANA,OAK,20140831,1
ARI,COL,20140831,1
ATL,MIA,20140831,1
BAL,MIN,20140831,1
CHA,DET,20140831,1
HOU,TEX,20140831,1
KCA,CLE,20140831,0
NYN,PHI,20140831,1
PIT,CIN,20140831,0
SDN,LAN,20140831,0
SEA,WAS,20140831,1
SFN,MIL,20140831,1
SLN,CHN,20140831,1
TBA,BOS,20140831,0
TOR,NYA,20140831,1
ATL,PHI,20140901,0
BAL,MIN,20140901,0
CHN,MIL,20140901,1
CLE,DET,20140901,0
COL,SFN,20140901,1
KCA,TEX,20140901,1
LAN,WAS,20140901,0
MIA,NYN,20140901,1
OAK,SEA,20140901,1
SDN,ARI,20140901,1
SLN,PIT,20140901,1
TBA,BOS,20140901,1
ATL,PHI,20140902,0
BAL,CIN,20140902,1
CHN,MIL,20140902,1
CLE,DET,20140902,0
COL,SFN,20140902,0
HOU,ANA,20140902,1
KCA,TEX,20140902,1
LAN,WAS,20140902,1
MIA,NYN,20140902,0
MIN,CHA,20140902,0
NYA,BOS,20140902,0
OAK,SEA,20140902,0
SDN,ARI,20140902,1
SLN,PIT,20140902,1
TBA,TOR,20140902,0
ATL,PHI,20140903,1
BAL,CIN,20140903,1
CHN,MIL,20140903,1
CLE,DET,20140903,1
COL,SFN,20140903,1
HOU,ANA,20140903,1
KCA,TEX,20140903,1
LAN,WAS,20140903,0
MIA,NYN,20140903,0
MIN,CHA,20140903,1
NYA,BOS,20140903,1
OAK,SEA,20140903,0
SDN,ARI,20140903,0
SLN,PIT,20140903,1
TBA,TOR,20140903,0
BAL,CIN,20140904,1
CLE,DET,20140904,0
MIL,SLN,20140904,0
MIN,ANA,20140904,0
NYA,BOS,20140904,1
SDN,ARI,20140904,0
TBA,TOR,20140904,0
TEX,SEA,20140904,0
BOS,TOR,20140905,1
CHN,PIT,20140905,0
CIN,NYN,20140905,0
CLE,CHA,20140905,1
COL,SDN,20140905,1
DET,SFN,20140905,0
LAN,ARI,20140905,1
MIA,ATL,20140905,1
MIL,SLN,20140905,1
MIN,ANA,20140905,0
NYA,KCA,20140905,0
OAK,HOU,20140905,0
TBA,BAL,20140905,1
TEX,SEA,20140905,0
WAS,PHI,20140905,0
BOS,TOR,20140906,1
CHN,PIT,20140906,0
CIN,NYN,20140906,1
CLE,CHA,20140906,1
COL,SDN,20140906,1
DET,SFN,20140906,0
LAN,ARI,20140906,1
MIA,ATL,20140906,0
MIL,SLN,20140906,0
MIN,ANA,20140906,0
NYA,KCA,20140906,1
OAK,HOU,20140906,1
TBA,BAL,20140906,1
TEX,SEA,20140906,0
WAS,PHI,20140906,0
BOS,TOR,20140907,0
CHN,PIT,20140907,0
CIN,NYN,20140907,0
CLE,CHA,20140907,1
COL,SDN,20140907,1
DET,SFN,20140907,1
LAN,ARI,20140907,1
MIA,ATL,20140907,1
MIL,SLN,20140907,0
MIN,ANA,20140907,0
NYA,KCA,20140907,0
OAK,HOU,20140907,0
TBA,BAL,20140907,0
TEX,SEA,20140907,1
WAS,PHI,20140907,1
BOS,BAL,20140908,0
CHA,OAK,20140908,1
CIN,SLN,20140908,0
CLE,ANA,20140908,0
DET,KCA,20140908,1
LAN,SDN,20140908,1
MIL,MIA,20140908,0
NYN,COL,20140908,1
PHI,PIT,20140908,0
SEA,HOU,20140908,1
TOR,CHN,20140908,1
WAS,ATL,20140908,1
BOS,BAL,20140909,0
CHA,OAK,20140909,0
CIN,SLN,20140909,1
CLE,MIN,20140909,0
DET,KCA,20140909,1
LAN,SDN,20140909,0
MIL,MIA,20140909,0
NYA,TBA,20140909,0
NYN,COL,20140909,1
PHI,PIT,20140909,1
SEA,HOU,20140909,0
SFN,ARI,20140909,1
TEX,ANA,20140909,0
TOR,CHN,20140909,1
WAS,ATL,20140909,1
BOS,BAL,20140910,0
CHA,OAK,20140910,1
CIN,SLN,20140910,1
DET,KCA,20140910,0
LAN,SDN,20140910,1
MIL,MIA,20140910,1
NYA,TBA,20140910,1
NYN,COL,20140910,1
PHI,PIT,20140910,0
SEA,HOU,20140910,0
SFN,ARI,20140910,1
TEX,ANA,20140910,0
TOR,CHN,20140910,1
WAS,ATL,20140910,0
CHA,OAK,20140911,1
CIN,SLN,20140911,1
CLE,MIN,20140911,1
CLE,MIN,20140911,1
KCA,BOS,20140911,0
MIL,MIA,20140911,1
NYA,TBA,20140911,1
NYN,WAS,20140911,0
PHI,PIT,20140911,0
SFN,ARI,20140911,1
TEX,ANA,20140911,0
ANA,HOU,20140912,1
ARI,SDN,20140912,0
BAL,NYA,20140912,1
BAL,NYA,20140912,1
DET,CLE,20140912,1
KCA,BOS,20140912,0
MIL,CIN,20140912,1
NYN,WAS,20140912,1
PHI,MIA,20140912,1
PIT,CHN,20140912,1
SEA,OAK,20140912,1
SFN,LAN,20140912,1
SLN,COL,20140912,1
TEX,ATL,20140912,1
TOR,TBA,20140912,0
ANA,HOU,20140913,1
ARI,SDN,20140913,1
BAL,NYA,20140913,0
CHA,MIN,20140913,1
CHA,MIN,20140913,1
DET,CLE,20140913,1
KCA,BOS,20140913,1
MIL,CIN,20140913,0
NYN,WAS,20140913,0
PHI,MIA,20140913,1
PIT,CHN,20140913,0
SEA,OAK,20140913,0
SFN,LAN,20140913,0
SLN,COL,20140913,1
TEX,ATL,20140913,1
TOR,TBA,20140913,1
ANA,HOU,20140914,0
ARI,SDN,20140914,1
BAL,NYA,20140914,1
CHA,MIN,20140914,0
DET,CLE,20140914,1
KCA,BOS,20140914,0
MIL,CIN,20140914,1
NYN,WAS,20140914,0
PHI,MIA,20140914,0
PIT,CHN,20140914,1
SEA,OAK,20140914,0
SFN,LAN,20140914,0
SLN,COL,20140914,1
TEX,ATL,20140914,1
TOR,TBA,20140914,0
ANA,SEA,20140915,1
ARI,SFN,20140915,1
ATL,WAS,20140915,0
BAL,TOR,20140915,1
CHN,CIN,20140915,1
COL,LAN,20140915,0
HOU,CLE,20140915,1
KCA,CHA,20140915,1
MIN,DET,20140915,0
NYN,MIA,20140915,0
SDN,PHI,20140915,1
TBA,NYA,20140915,1
ANA,SEA,20140916,0
ARI,SFN,20140916,0
ATL,WAS,20140916,0
BAL,TOR,20140916,1
CHN,CIN,20140916,1
COL,LAN,20140916,1
HOU,CLE,20140916,0
KCA,CHA,20140916,0
MIN,DET,20140916,1
NYN,MIA,20140916,1
OAK,TEX,20140916,0
PIT,BOS,20140916,1
SDN,PHI,20140916,1
SLN,MIL,20140916,0
TBA,NYA,20140916,1
ANA,SEA,20140917,1
ARI,SFN,20140917,0
ATL,WAS,20140917,1
BAL,TOR,20140917,1
CHN,CIN,20140917,1
COL,LAN,20140917,1
HOU,CLE,20140917,0
KCA,CHA,20140917,1
MIN,DET,20140917,1
NYN,MIA,20140917,0
OAK,TEX,20140917,0
PIT,BOS,20140917,1
SDN,PHI,20140917,0
SLN,MIL,20140917,1
TBA,NYA,20140917,0
ANA,SEA,20140918,0
CHN,LAN,20140918,0
COL,ARI,20140918,1
HOU,CLE,20140918,0
MIA,WAS,20140918,0
NYA,TOR,20140918,1
OAK,TEX,20140918,0
PIT,BOS,20140918,1
SDN,PHI,20140918,1
SLN,MIL,20140918,1
ANA,TEX,20140919,0
ATL,NYN,20140919,0
BAL,BOS,20140919,0
CHN,LAN,20140919,0
COL,ARI,20140919,1
HOU,SEA,20140919,0
KCA,DET,20140919,0
MIA,WAS,20140919,0
MIN,CLE,20140919,1
NYA,TOR,20140919,1
OAK,PHI,20140919,1
PIT,MIL,20140919,1
SDN,SFN,20140919,1
SLN,CIN,20140919,1
TBA,CHA,20140919,0
ANA,TEX,20140920,1
ATL,NYN,20140920,0
BAL,BOS,20140920,1
CHN,LAN,20140920,1
COL,ARI,20140920,1
HOU,SEA,20140920,1
KCA,DET,20140920,0
MIA,WAS,20140920,0
MIN,CLE,20140920,0
NYA,TOR,20140920,0
OAK,PHI,20140920,0
PIT,MIL,20140920,0
SDN,SFN,20140920,1
SLN,CIN,20140920,1
TBA,CHA,20140920,1
ANA,TEX,20140921,0
ATL,NYN,20140921,0
BAL,BOS,20140921,0
CHN,LAN,20140921,0
COL,ARI,20140921,1
HOU,SEA,20140921,1
KCA,DET,20140921,1
MIA,WAS,20140921,0
MIN,CLE,20140921,0
NYA,TOR,20140921,1
OAK,PHI,20140921,1
PIT,MIL,20140921,1
SDN,SFN,20140921,1
SLN,CIN,20140921,0
TBA,CHA,20140921,0
ATL,PIT,20140922,0
CHN,SLN,20140922,0
CLE,KCA,20140922,0
DET,CHA,20140922,0
LAN,SFN,20140922,0
MIN,ARI,20140922,0
NYA,BAL,20140922,1
OAK,ANA,20140922,1
SDN,COL,20140922,1
TEX,HOU,20140922,1
TOR,SEA,20140922,1
ATL,PIT,20140923,0
BOS,TBA,20140923,0
CHN,SLN,20140923,1
CIN,MIL,20140923,1
CLE,KCA,20140923,0
DET,CHA,20140923,1
LAN,SFN,20140923,1
MIA,PHI,20140923,1
MIN,ARI,20140923,1
NYA,BAL,20140923,0
OAK,ANA,20140923,0
SDN,COL,20140923,0
TEX,HOU,20140923,1
TOR,SEA,20140923,1
WAS,NYN,20140923,1
ATL,PIT,20140924,1
BOS,TBA,20140924,1
CHN,SLN,20140924,1
CIN,MIL,20140924,0
CLE,KCA,20140924,1
DET,CHA,20140924,1
LAN,SFN,20140924,1
MIA,PHI,20140924,0
MIN,ARI,20140924,1
NYA,BAL,20140924,0
OAK,ANA,20140924,0
SDN,COL,20140924,1
TEX,HOU,20140924,1
TOR,SEA,20140924,1
ATL,PIT,20140925,0
BOS,TBA,20140925,1
CHA,KCA,20140925,0
CIN,MIL,20140925,1
DET,MIN,20140925,1
MIA,PHI,20140925,1
NYA,BAL,20140925,1
SFN,SDN,20140925,1
TEX,OAK,20140925,1
TOR,SEA,20140925,0
WAS,NYN,20140925,0
WAS,NYN,20140925,1
ARI,SLN,20140926,0
BOS,NYA,20140926,0
CHA,KCA,20140926,0
CIN,PIT,20140926,0
CLE,TBA,20140926,1
DET,MIN,20140926,0
LAN,COL,20140926,1
MIL,CHN,20140926,0
NYN,HOU,20140926,0
PHI,ATL,20140926,1
SEA,ANA,20140926,1
SFN,SDN,20140926,0
TEX,OAK,20140926,0
TOR,BAL,20140926,1
WAS,MIA,20140926,1
WAS,MIA,20140926,0
ARI,SLN,20140927,1
BOS,NYA,20140927,1
CHA,KCA,20140927,1
CIN,PIT,20140927,1
CLE,TBA,20140927,0
DET,MIN,20140927,0
LAN,COL,20140927,1
MIL,CHN,20140927,1
NYN,HOU,20140927,1
PHI,ATL,20140927,0
SEA,ANA,20140927,1
SFN,SDN,20140927,1
TEX,OAK,20140927,1
TOR,BAL,20140927,1
WAS,MIA,20140927,1
ARI,SLN,20140928,0
BOS,NYA,20140928,0
CHA,KCA,20140928,0
CIN,PIT,20140928,1
CLE,TBA,20140928,1
DET,MIN,20140928,1
LAN,COL,20140928,1
MIL,CHN,20140928,0
NYN,HOU,20140928,1
PHI,ATL,20140928,0
SEA,ANA,20140928,1
SFN,SDN,20140928,1
TEX,OAK,20140928,0
TOR,BAL,20140928,0
WAS,MIA,20140928,1
